{
    "train_accuracy": 0.6997154631083202,
    "train_f1_score": 0.26773537504486183,
    "train_precision": 0.7051039697542533,
    "train_recall": 0.16523922031896043
}